City_ID,City,Country,Date,Lat,Lng,Max Temp,Humidity,Cloudiness,Wind Speed,Current Description
0,Rio Gallegos,AR,2021-06-06 06:21:27,-51.6226,-69.2181,35.65,69,0,11.5,clear sky
1,Rikitea,PF,2021-06-06 06:21:49,-23.1203,-134.9692,76.05,83,72,15.9,light rain
2,Suntar,RU,2021-06-06 06:21:49,62.1444,117.6319,52.77,73,100,2.91,overcast clouds
3,Bethel,US,2021-06-06 06:21:49,41.3712,-73.414,76.19,73,1,0.0,clear sky
4,Ancud,CL,2021-06-06 06:21:50,-41.8697,-73.8203,46.22,83,96,4.76,overcast clouds
5,Samarai,PG,2021-06-06 06:21:50,-10.6167,150.6667,78.33,87,94,16.28,light rain
6,Darlowo,PL,2021-06-06 06:21:50,54.421,16.4107,60.94,65,13,4.05,few clouds
7,Upernavik,GL,2021-06-06 06:21:51,72.7868,-56.1549,33.51,83,2,3.13,clear sky
8,Soubre,CI,2021-06-06 06:21:52,5.7856,-6.6083,71.96,99,74,2.08,broken clouds
9,Nishihara,JP,2021-06-06 06:21:53,26.1842,127.7558,85.66,76,75,17.76,broken clouds
10,Buenos Aires,AR,2021-06-06 06:21:42,-34.6132,-58.3772,49.73,61,0,5.75,clear sky
11,Mataura,NZ,2021-06-06 06:21:54,-46.1927,168.8643,49.48,95,29,0.54,scattered clouds
12,Saskylakh,RU,2021-06-06 06:21:54,71.9167,114.0833,46.0,42,87,12.1,overcast clouds
13,Punta Arenas,CL,2021-06-06 06:21:55,-53.15,-70.9167,37.51,81,90,13.91,light rain
14,Yellowknife,CA,2021-06-06 06:21:02,62.456,-114.3525,51.3,62,20,8.01,few clouds
15,Banepa,NP,2021-06-06 06:17:11,27.6298,85.5214,80.92,57,40,5.06,scattered clouds
16,Golitsyno,RU,2021-06-06 06:21:56,55.6122,36.9833,68.07,59,20,8.55,few clouds
17,Touros,BR,2021-06-06 06:21:56,-5.1989,-35.4608,74.3,91,52,11.23,broken clouds
18,Ushuaia,AR,2021-06-06 06:21:47,-54.8,-68.3,31.66,93,0,3.44,clear sky
19,Kapaa,US,2021-06-06 06:20:35,22.0752,-159.319,77.32,76,40,1.99,scattered clouds
20,Saint-Philippe,RE,2021-06-06 06:21:57,-21.3585,55.7679,79.21,80,60,2.53,light rain
21,Victoria,HK,2021-06-06 06:21:17,22.2855,114.1577,87.96,69,30,1.01,scattered clouds
22,Ayapel,CO,2021-06-06 06:21:58,8.3137,-75.1398,75.07,96,98,2.37,overcast clouds
23,Fort Nelson,CA,2021-06-06 06:21:58,58.8053,-122.7002,51.39,93,75,4.61,light rain
24,Hermanus,ZA,2021-06-06 06:21:58,-34.4187,19.2345,58.95,39,22,9.17,few clouds
25,Linjiang,CN,2021-06-06 06:21:59,41.8069,126.9078,69.66,58,84,5.32,moderate rain
26,Mangrol,IN,2021-06-06 06:21:59,21.1167,70.1167,89.2,56,5,10.69,clear sky
27,Salalah,OM,2021-06-06 06:21:13,17.0151,54.0924,89.69,66,40,9.22,scattered clouds
28,Cabra,ES,2021-06-06 06:22:00,37.4725,-4.4421,66.9,71,0,3.15,clear sky
29,Castro,BR,2021-06-06 06:22:00,-24.7911,-50.0119,57.61,72,64,2.48,broken clouds
30,Bengkulu,ID,2021-06-06 06:22:01,-3.8004,102.2655,84.31,67,14,6.8,few clouds
31,Grand Gaube,MU,2021-06-06 06:22:01,-20.0064,57.6608,79.38,73,70,1.99,broken clouds
32,Seoul,KR,2021-06-06 06:20:00,37.5683,126.9778,84.61,47,20,8.68,few clouds
33,Najran,SA,2021-06-06 06:22:02,17.4924,44.1277,93.85,13,0,1.36,clear sky
34,Butaritari,KI,2021-06-06 06:22:02,3.0707,172.7902,83.08,73,24,6.6,light rain
35,Pilar,BR,2021-06-06 06:22:03,-9.5972,-35.9567,69.73,94,22,1.03,few clouds
36,Balkanabat,TM,2021-06-06 06:22:03,39.5108,54.3671,80.22,47,6,12.21,clear sky
37,Torbay,CA,2021-06-06 06:22:03,47.6666,-52.7314,54.88,98,90,17.27,overcast clouds
38,Busselton,AU,2021-06-06 06:22:04,-33.65,115.3333,64.04,57,74,16.75,broken clouds
39,New Norfolk,AU,2021-06-06 06:22:04,-42.7826,147.0587,51.93,58,100,4.52,overcast clouds
40,Xichang,CN,2021-06-06 06:22:05,27.8964,102.2634,69.01,79,99,0.27,overcast clouds
41,Ouadda,CF,2021-06-06 06:22:05,8.0777,22.4007,67.41,92,100,6.11,overcast clouds
42,Tuktoyaktuk,CA,2021-06-06 06:22:06,69.4541,-133.0374,33.64,83,18,8.99,few clouds
43,Kamaishi,JP,2021-06-06 06:22:06,39.2667,141.8833,83.35,64,87,11.1,overcast clouds
44,Viedma,AR,2021-06-06 06:22:07,-40.8135,-62.9967,44.83,55,0,7.65,clear sky
45,San Policarpo,PH,2021-06-06 06:22:07,12.1791,125.5072,84.31,74,74,1.5,broken clouds
46,Vaini,TO,2021-06-06 06:22:07,-21.2,-175.2,71.76,88,75,0.0,broken clouds
47,Georgetown,MY,2021-06-06 06:22:08,5.4112,100.3354,89.55,70,40,1.01,scattered clouds
48,Arman,RU,2021-06-06 06:22:09,59.7,150.1667,43.68,88,100,3.91,overcast clouds
49,Springfield,US,2021-06-06 06:17:22,37.2153,-93.2982,69.03,92,1,5.99,clear sky
50,Ambilobe,MG,2021-06-06 06:22:10,-13.2,49.05,81.43,64,62,3.47,broken clouds
51,Waingapu,ID,2021-06-06 06:22:10,-9.6567,120.2641,85.78,62,38,11.68,scattered clouds
52,Mora,CM,2021-06-06 06:22:11,11.0461,14.1401,85.01,46,92,6.58,overcast clouds
53,Jamestown,US,2021-06-06 06:22:11,42.097,-79.2353,69.39,80,1,1.99,clear sky
54,Port Lincoln,AU,2021-06-06 06:22:11,-34.7333,135.8667,65.26,56,45,19.35,scattered clouds
55,Norman Wells,CA,2021-06-06 06:22:12,65.282,-126.8329,44.64,81,90,13.8,light rain
56,Ribeira Grande,PT,2021-06-06 06:22:12,38.5167,-28.7,64.8,88,40,9.22,scattered clouds
57,Isangel,VU,2021-06-06 06:22:13,-19.55,169.2667,77.11,65,75,15.93,broken clouds
58,Ahipara,NZ,2021-06-06 06:22:13,-35.1667,173.1667,58.35,95,100,10.13,light rain
59,Carnarvon,AU,2021-06-06 06:22:13,-24.8667,113.6333,73.47,60,90,12.66,overcast clouds
60,Richards Bay,ZA,2021-06-06 06:18:00,-28.783,32.0377,61.47,83,86,2.64,overcast clouds
61,Hasaki,JP,2021-06-06 06:22:15,35.7333,140.8333,73.69,97,100,4.29,light rain
62,Louis Trichardt,ZA,2021-06-06 06:22:15,-23.0439,29.9032,50.29,76,41,4.94,scattered clouds
63,Constitucion,CL,2021-06-06 06:22:16,-35.3333,-72.4167,49.51,63,100,5.79,overcast clouds
64,Planaltina,BR,2021-06-06 06:22:16,-15.4528,-47.6142,66.49,81,72,4.29,broken clouds
65,Saldanha,ZA,2021-06-06 06:22:17,-33.0117,17.9442,66.11,35,26,23.0,scattered clouds
66,Atuona,PF,2021-06-06 06:22:17,-9.8,-139.0333,79.2,69,17,14.16,few clouds
67,Hervey Bay,AU,2021-06-06 06:22:17,-25.2986,152.8535,72.03,60,5,3.0,clear sky
68,Lata,PT,2021-06-06 06:22:19,40.1629,-8.3327,59.81,82,0,1.14,clear sky
69,Codrington,AU,2021-06-06 06:22:19,-38.2667,141.9667,60.51,73,100,14.85,overcast clouds
70,San Rafael,AR,2021-06-06 06:20:35,-34.6177,-68.3301,47.86,56,73,3.13,broken clouds
71,Faanui,PF,2021-06-06 06:22:20,-16.4833,-151.75,80.94,73,9,9.48,clear sky
72,Agas,RO,2021-06-06 06:22:20,46.4833,26.2167,62.89,84,59,1.57,broken clouds
73,Kropotkin,RU,2021-06-06 06:22:21,45.4375,40.5756,63.75,74,12,10.74,few clouds
74,Narsaq,GL,2021-06-06 06:22:21,60.9167,-46.05,44.82,84,100,1.79,overcast clouds
75,Malinyi,TZ,2021-06-06 06:22:23,-8.9333,36.1333,71.2,73,95,1.97,overcast clouds
76,Kpalime,TG,2021-06-06 06:22:23,6.9,0.6333,72.3,94,93,0.83,overcast clouds
77,Mahebourg,MU,2021-06-06 06:22:23,-20.4081,57.7,79.25,69,75,8.05,broken clouds
78,Shumikha,RU,2021-06-06 06:22:24,55.2261,63.2961,67.98,38,0,9.78,clear sky
79,Avarua,CK,2021-06-06 06:22:24,-21.2078,-159.775,73.45,68,40,3.44,scattered clouds
80,Panguna,PG,2021-06-06 06:22:25,-6.3164,155.4848,74.73,91,42,2.21,light rain
81,Thompson,CA,2021-06-06 06:22:25,55.7435,-97.8558,53.76,94,75,4.61,broken clouds
82,Hithadhoo,MV,2021-06-06 06:22:25,-0.6,73.0833,83.37,72,76,13.04,broken clouds
83,Bilgoraj,PL,2021-06-06 06:22:26,50.5411,22.722,62.37,74,6,4.83,clear sky
84,Esperance,AU,2021-06-06 06:22:26,-33.8667,121.9,67.84,59,35,18.5,scattered clouds
85,Manitouwadge,CA,2021-06-06 06:22:27,49.1215,-85.8403,57.92,97,39,5.03,scattered clouds
86,Qaanaaq,GL,2021-06-06 06:22:27,77.484,-69.3632,34.77,65,62,6.82,broken clouds
87,East London,ZA,2021-06-06 06:21:56,-33.0153,27.9116,50.94,76,0,3.44,clear sky
88,Mar Del Plata,AR,2021-06-06 06:21:12,-38.0023,-57.5575,47.12,65,0,1.01,clear sky
89,Damara,CF,2021-06-06 06:22:28,4.9608,18.7035,74.62,95,100,0.85,light rain
90,Manono,CD,2021-06-06 06:22:28,-7.3,27.4167,74.97,56,41,11.1,scattered clouds
91,Clyde River,CA,2021-06-06 06:22:29,70.4692,-68.5914,32.23,100,90,12.66,light snow
92,San Jose,US,2021-06-06 06:20:36,37.3394,-121.895,63.07,71,20,3.44,few clouds
93,Atar,MR,2021-06-06 06:22:30,20.5169,-13.0499,84.96,17,98,11.68,overcast clouds
94,Tasiilaq,GL,2021-06-06 06:22:30,65.6145,-37.6368,39.36,96,100,4.29,overcast clouds
95,Bluff,NZ,2021-06-06 06:22:30,-46.6,168.3333,49.8,76,81,4.83,broken clouds
96,Mastic Beach,US,2021-06-06 06:22:31,40.7668,-72.8521,77.67,85,1,1.01,clear sky
97,Te Anau,NZ,2021-06-06 06:22:31,-45.4167,167.7167,42.19,92,13,2.3,few clouds
98,Tiksi,RU,2021-06-06 06:22:32,71.6872,128.8694,46.17,48,94,6.53,overcast clouds
99,Amli,IN,2021-06-06 06:22:32,20.2833,73.0167,84.58,68,98,6.87,overcast clouds
100,Dikson,RU,2021-06-06 06:22:32,73.5069,80.5464,30.83,97,100,11.36,light snow
101,Oshakati,NA,2021-06-06 06:22:33,-17.7833,15.6833,53.62,42,0,8.12,clear sky
102,Geraldton,AU,2021-06-06 06:22:33,-28.7667,114.6,72.01,40,0,12.35,clear sky
103,Beringovskiy,RU,2021-06-06 06:22:34,63.05,179.3167,39.2,87,65,3.96,broken clouds
104,Aswan,EG,2021-06-06 06:22:34,24.0934,32.907,84.07,23,5,17.58,clear sky
105,Pacific Grove,US,2021-06-06 06:22:34,36.6177,-121.9166,57.15,86,90,1.99,overcast clouds
106,Banda Aceh,ID,2021-06-06 06:22:35,5.5577,95.3222,86.07,67,82,14.0,broken clouds
107,Pisco,PE,2021-06-06 06:22:35,-13.7,-76.2167,64.45,82,90,3.44,overcast clouds
108,Clinton,US,2021-06-06 06:22:14,42.587,-82.9199,76.05,61,4,10.38,clear sky
109,Rawson,AR,2021-06-06 06:22:36,-43.3002,-65.1023,43.0,60,1,9.84,clear sky
110,Stykkisholmur,IS,2021-06-06 06:22:36,65.0757,-22.7297,46.27,96,100,6.17,overcast clouds
111,Mehamn,NO,2021-06-06 06:22:37,71.0357,27.8492,42.55,77,10,19.91,clear sky
112,Bajil,YE,2021-06-06 06:22:37,15.0584,43.2851,92.77,47,0,5.21,clear sky
113,Kaitangata,NZ,2021-06-06 06:22:37,-46.2817,169.8464,50.94,70,60,0.89,broken clouds
114,Bredasdorp,ZA,2021-06-06 06:22:38,-34.5322,20.0403,42.12,75,4,6.24,clear sky
115,Sola,VU,2021-06-06 06:22:38,-13.8833,167.55,81.27,78,40,0.0,scattered clouds
116,Caravelas,BR,2021-06-06 06:22:39,-17.7125,-39.2481,71.33,90,21,5.66,few clouds
117,Beira,MZ,2021-06-06 06:22:39,-19.8436,34.8389,62.6,88,75,11.5,broken clouds
118,Uddevalla,SE,2021-06-06 06:22:40,58.3478,11.9424,70.18,60,94,4.09,overcast clouds
119,Albany,US,2021-06-06 06:18:58,42.6001,-73.9662,70.21,77,46,3.91,scattered clouds
120,Nanortalik,GL,2021-06-06 06:22:40,60.1432,-45.2371,39.02,87,100,5.64,overcast clouds
121,Port Elizabeth,ZA,2021-06-06 06:22:41,-33.918,25.5701,55.69,54,0,8.05,clear sky
122,Hamilton,US,2021-06-06 06:17:53,39.1834,-84.5333,70.56,86,1,2.98,clear sky
123,Vozdvizhenka,RU,2021-06-06 06:22:41,43.9,131.95,73.15,55,46,4.79,scattered clouds
124,Kununurra,AU,2021-06-06 06:22:42,-15.7667,128.7333,84.18,23,64,8.05,broken clouds
125,Lorengau,PG,2021-06-06 06:22:44,-2.0226,147.2712,81.9,76,98,6.93,overcast clouds
126,Kenai,US,2021-06-06 06:22:44,60.5544,-151.2583,60.89,71,90,10.36,overcast clouds
127,Kloulklubed,PW,2021-06-06 06:22:45,7.0419,134.2556,86.5,78,84,7.2,broken clouds
128,Vila Velha,BR,2021-06-06 06:19:39,-20.3297,-40.2925,69.75,96,90,3.0,overcast clouds
129,Isla Mujeres,MX,2021-06-06 06:22:45,21.2311,-86.731,82.45,81,99,11.86,overcast clouds
130,Dindori,IN,2021-06-06 06:22:46,22.95,81.0833,92.46,36,35,14.5,scattered clouds
131,Ceres,US,2021-06-06 06:22:46,37.5949,-120.9577,77.58,49,1,5.75,clear sky
132,Leningradskiy,RU,2021-06-06 06:22:47,69.3833,178.4167,37.58,94,100,11.68,overcast clouds
133,Port Macquarie,AU,2021-06-06 06:19:58,-31.4333,152.9167,62.56,54,0,6.85,clear sky
134,Karaton,ID,2021-06-06 06:22:48,-6.3424,106.1045,87.96,62,40,3.98,scattered clouds
135,Wilmington Island,US,2021-06-06 06:19:33,32.0036,-80.9737,79.99,65,90,1.99,overcast clouds
136,Palmer,US,2021-06-06 06:22:48,42.1584,-72.3287,74.37,82,1,3.47,clear sky
137,Cockburn Town,TC,2021-06-06 06:18:32,21.4612,-71.1419,79.93,79,0,23.13,clear sky
138,Abonnema,NG,2021-06-06 06:22:49,4.7084,6.7931,74.48,95,91,1.72,moderate rain
139,Hobart,AU,2021-06-06 06:22:49,-42.8794,147.3294,52.27,75,75,1.01,light rain
140,Sao Joao Da Barra,BR,2021-06-06 06:22:50,-21.6403,-41.0511,71.13,89,0,9.26,clear sky
141,Ponta Do Sol,PT,2021-06-06 06:22:51,32.6667,-17.1,66.83,71,54,5.97,broken clouds
142,Broome,US,2021-06-06 06:22:51,42.2506,-75.833,69.66,76,74,4.21,broken clouds
143,Tuatapere,NZ,2021-06-06 06:22:52,-46.1333,167.6833,49.82,88,48,3.4,scattered clouds
144,Waipawa,NZ,2021-06-06 06:22:52,-41.4122,175.5153,59.0,77,75,2.3,broken clouds
145,Naryan-Mar,RU,2021-06-06 06:22:53,67.6713,53.087,43.68,47,64,15.52,broken clouds
146,Gat,IL,2021-06-06 06:22:54,31.61,34.7642,77.4,53,0,4.65,clear sky
147,Hilo,US,2021-06-06 06:22:54,19.7297,-155.09,75.2,69,1,4.61,clear sky
148,Dongtai,CN,2021-06-06 06:22:55,32.8523,120.3095,96.46,21,3,9.8,clear sky
149,Khor,RU,2021-06-06 06:22:56,47.8861,134.9464,63.05,59,94,7.72,overcast clouds
150,Nikolskoye,RU,2021-06-06 06:22:57,59.7035,30.7861,71.6,53,0,6.71,clear sky
151,Pingliang,CN,2021-06-06 06:22:57,35.5392,106.6861,86.36,22,100,1.5,overcast clouds
152,Shelburne,CA,2021-06-06 06:22:58,44.0787,-80.2041,73.89,55,67,15.79,broken clouds
153,Faya,SA,2021-06-06 06:22:58,18.3851,42.4509,80.71,25,0,4.29,clear sky
154,Sabzevar,IR,2021-06-06 06:22:59,36.2126,57.6819,93.2,26,0,9.22,clear sky
155,Puerto Ayora,EC,2021-06-06 06:23:00,-0.7393,-90.3518,72.55,93,19,1.99,few clouds
156,Byumba,RW,2021-06-06 06:23:00,-1.5763,30.0675,59.2,85,98,4.07,overcast clouds
157,Ulaangom,MN,2021-06-06 06:23:01,49.9811,92.0667,58.64,23,81,18.52,broken clouds
158,Kodiak,US,2021-06-06 06:22:26,57.79,-152.4072,56.71,47,1,17.27,clear sky
159,Khatanga,RU,2021-06-06 06:23:01,71.9667,102.5,38.68,66,100,10.76,light rain
160,Yar-Sale,RU,2021-06-06 06:23:02,66.8333,70.8333,44.55,48,98,17.78,light rain
161,Babushkin,RU,2021-06-06 06:23:02,51.7122,105.8647,42.06,97,100,24.9,light rain
162,Portland,US,2021-06-06 06:21:47,45.5234,-122.6762,53.56,77,20,5.75,few clouds
163,Pangnirtung,CA,2021-06-06 06:23:03,66.1451,-65.7125,23.81,92,64,5.64,broken clouds
164,Kosh-Agach,RU,2021-06-06 06:23:04,50.0,88.6667,50.38,26,34,7.92,scattered clouds
165,Leshukonskoye,RU,2021-06-06 06:23:04,64.8989,45.7622,56.43,38,86,7.25,overcast clouds
166,Lagos,NG,2021-06-06 06:21:40,6.5833,3.75,77.32,94,73,1.7,broken clouds
167,Marion,US,2021-06-06 06:20:29,39.7684,-86.1555,70.0,87,20,4.45,few clouds
168,Chernyshevskiy,RU,2021-06-06 06:23:06,63.0128,112.4714,59.95,23,45,6.98,scattered clouds
169,Odda,NO,2021-06-06 06:23:07,60.0691,6.5457,57.99,93,100,1.74,overcast clouds
170,Maningrida,AU,2021-06-06 06:23:07,-12.0667,134.2667,83.03,54,33,10.96,scattered clouds
171,Iqaluit,CA,2021-06-06 06:23:08,63.7506,-68.5145,31.73,93,90,1.99,light snow
172,Bubaque,GW,2021-06-06 06:23:08,11.2833,-15.8333,79.47,84,97,10.42,overcast clouds
173,Moroni,KM,2021-06-06 06:23:09,-11.7022,43.2551,78.15,76,72,18.79,light rain
174,Bagado,CO,2021-06-06 06:23:09,5.4116,-76.4152,75.09,97,100,0.98,overcast clouds
175,Tucuma,BR,2021-06-06 06:19:14,-0.1833,-50.05,75.13,93,48,3.94,scattered clouds
176,Rock Springs,US,2021-06-06 06:23:10,41.5875,-109.2029,67.44,32,1,6.82,clear sky
177,Koulikoro,ML,2021-06-06 06:23:11,14.0,-7.75,86.29,36,32,14.72,scattered clouds
178,Mercedes,AR,2021-06-06 06:23:11,-34.6515,-59.4307,45.84,63,34,5.97,scattered clouds
179,Cidreira,BR,2021-06-06 06:23:12,-30.1811,-50.2056,62.87,95,100,5.26,heavy intensity rain
180,Coihaique,CL,2021-06-06 06:23:12,-45.5752,-72.0662,39.15,75,40,5.75,scattered clouds
181,Alindao,CF,2021-06-06 06:23:13,5.0267,21.2088,69.58,98,100,2.93,light rain
182,Gamboma,CG,2021-06-06 06:23:13,-1.8764,15.8644,73.92,85,97,3.62,overcast clouds
183,Puerto Escondido,MX,2021-06-06 06:23:14,15.85,-97.0667,82.4,80,100,4.94,overcast clouds
184,Chishtian Mandi,PK,2021-06-06 06:23:14,29.8,72.8667,101.84,26,0,5.82,clear sky
185,Payo,ID,2021-06-06 06:23:14,-3.7508,103.6372,93.11,47,19,2.26,few clouds
186,Barrow,US,2021-06-06 06:23:15,71.2906,-156.7887,33.82,86,90,12.66,fog
187,Jambi,ID,2021-06-06 06:23:15,-1.6,103.6167,92.03,48,64,3.83,broken clouds
188,Cabo San Lucas,MX,2021-06-06 06:19:51,22.8909,-109.9124,84.4,57,2,11.25,clear sky
189,Asau,RO,2021-06-06 06:23:16,46.4333,26.4,64.76,74,56,1.12,broken clouds
190,Yeppoon,AU,2021-06-06 06:23:17,-23.1333,150.7333,74.98,61,8,8.05,clear sky
191,Talnakh,RU,2021-06-06 06:23:17,69.4865,88.3972,33.04,95,100,5.61,light snow
192,Cape Town,ZA,2021-06-06 06:20:28,-33.9258,18.4232,61.21,29,0,8.43,clear sky
193,Yarmouth,US,2021-06-06 06:23:18,41.7057,-70.2286,72.0,78,1,9.22,clear sky
194,Zhanaozen,KZ,2021-06-06 06:23:19,43.3,52.8,78.28,42,12,17.29,few clouds
195,Nagua,DO,2021-06-06 06:23:09,19.3832,-69.8474,74.44,88,14,7.18,few clouds
196,Tiarei,PF,2021-06-06 06:23:19,-17.5333,-149.3333,78.82,80,14,12.15,few clouds
197,Lebu,CL,2021-06-06 06:23:20,-37.6167,-73.65,47.84,78,95,10.16,overcast clouds
198,Dwarka,IN,2021-06-06 06:23:21,22.2394,68.9678,88.65,59,26,12.64,scattered clouds
199,Tarnow,PL,2021-06-06 06:23:21,50.0138,20.987,64.09,83,0,2.39,clear sky
200,Boyolangu,ID,2021-06-06 06:23:22,-8.1181,111.8935,85.23,67,22,7.27,few clouds
201,Saint Anthony,US,2021-06-06 06:23:22,45.0205,-93.218,86.02,46,1,1.99,clear sky
202,Puerto Del Rosario,ES,2021-06-06 06:23:23,28.5004,-13.8627,64.4,72,20,11.5,few clouds
203,Hof,DE,2021-06-06 06:23:24,50.3167,11.9167,62.01,10,100,4.0,overcast clouds
204,Bud,US,2021-06-06 06:23:24,39.447,-86.1758,69.15,90,32,5.12,scattered clouds
205,Biltine,TD,2021-06-06 06:23:24,14.5333,20.9167,83.03,51,95,13.15,overcast clouds
206,Loandjili,CG,2021-06-06 06:23:25,-4.7561,11.8578,77.11,94,75,5.75,broken clouds
207,San Angelo,US,2021-06-06 06:23:25,31.4638,-100.437,73.62,79,1,1.99,clear sky
208,Cherskiy,RU,2021-06-06 06:23:26,68.75,161.3,70.9,28,22,19.57,few clouds
209,Adre,TD,2021-06-06 06:23:26,13.4667,22.2,77.58,56,68,5.08,broken clouds
210,Port Alfred,ZA,2021-06-06 06:23:26,-33.5906,26.891,58.21,40,0,9.31,clear sky
211,Port Hardy,CA,2021-06-06 06:23:27,50.6996,-127.4199,48.2,87,90,4.61,light rain
212,La Ronge,CA,2021-06-06 06:23:28,55.1001,-105.2842,59.0,77,94,3.44,overcast clouds
213,Copiapo,CL,2021-06-06 06:23:28,-27.3667,-70.3333,53.29,86,1,0.67,clear sky
214,Kavieng,PG,2021-06-06 06:23:29,-2.5744,150.7967,81.64,77,100,4.83,light rain
215,Fortuna,US,2021-06-06 06:23:29,40.5982,-124.1573,52.93,68,90,1.01,overcast clouds
216,Luderitz,NA,2021-06-06 06:23:30,-26.6481,15.1594,68.94,33,0,27.02,clear sky
217,Setermoen,NO,2021-06-06 06:23:30,68.861,18.3486,56.43,55,36,3.44,scattered clouds
218,Natal,BR,2021-06-06 06:23:31,-5.795,-35.2094,75.42,83,40,8.66,scattered clouds
219,Columbia,US,2021-06-06 06:23:31,34.0007,-81.0348,73.04,92,40,1.01,scattered clouds
220,Jesus Maria,AR,2021-06-06 06:23:32,-30.9815,-64.0942,47.12,68,12,4.56,few clouds
221,Bambous Virieux,MU,2021-06-06 06:23:33,-20.3428,57.7575,79.0,69,75,8.05,broken clouds
222,Mackay,AU,2021-06-06 06:21:51,-21.15,149.2,71.69,64,84,13.8,broken clouds
223,Moranbah,AU,2021-06-06 06:23:34,-22.0016,148.0466,71.26,26,34,13.0,scattered clouds
224,Boa Vista,BR,2021-06-06 06:23:34,2.8197,-60.6733,76.98,88,75,4.61,broken clouds
225,Magadan,RU,2021-06-06 06:18:47,59.5667,150.8,43.0,87,100,9.6,overcast clouds
226,Namatanai,PG,2021-06-06 06:23:36,-3.6667,152.4333,82.38,81,94,6.42,light rain
227,Iranshahr,IR,2021-06-06 06:23:37,27.2025,60.6848,102.2,35,0,6.91,clear sky
228,Berlevag,NO,2021-06-06 06:23:38,70.8578,29.0864,42.55,73,7,20.09,light rain
229,Rondonopolis,BR,2021-06-06 06:23:38,-16.4708,-54.6356,69.33,54,100,2.06,overcast clouds
230,Dores Do Indaia,BR,2021-06-06 06:23:39,-19.4633,-45.6017,61.3,89,50,1.68,scattered clouds
231,Velyka Pysarivka,UA,2021-06-06 06:23:39,50.4259,35.485,58.6,86,91,6.93,light rain
232,Sangar,RU,2021-06-06 06:23:40,63.9242,127.4739,61.57,29,97,13.38,overcast clouds
233,Belaya Gora,RU,2021-06-06 06:23:40,68.5333,146.4167,43.59,62,95,22.91,overcast clouds
234,Karratha,AU,2021-06-06 06:23:41,-20.7377,116.8463,79.61,50,79,15.21,broken clouds
235,Dingle,PH,2021-06-06 06:23:41,10.9995,122.6711,84.78,71,100,6.85,light rain
236,San Cristobal,VE,2021-06-06 06:23:42,7.7669,-72.225,66.2,99,100,3.06,overcast clouds
237,Monrovia,LR,2021-06-06 06:23:43,6.3005,-10.7969,76.77,84,87,1.79,overcast clouds
238,Katherine,AU,2021-06-06 06:23:43,-14.4667,132.2667,84.52,23,86,10.25,overcast clouds
239,Bereda,ES,2021-06-06 06:23:44,43.2686,-7.5406,55.0,99,93,5.01,overcast clouds
240,Wenling,CN,2021-06-06 06:23:44,28.3669,121.36,83.91,60,30,5.53,scattered clouds
241,Duverge,DO,2021-06-06 06:23:45,18.3784,-71.5247,74.84,87,6,0.87,clear sky
242,Winnemucca,US,2021-06-06 06:23:45,40.973,-117.7357,69.85,12,1,11.65,clear sky
243,Arraial Do Cabo,BR,2021-06-06 06:23:46,-22.9661,-42.0278,72.46,87,0,20.15,clear sky
244,Kayankulam,IN,2021-06-06 06:23:46,9.1833,76.5,84.11,69,97,3.56,overcast clouds
245,Korla,CN,2021-06-06 06:23:47,41.7597,86.1469,85.33,22,48,8.55,scattered clouds
246,Hami,CN,2021-06-06 06:23:47,42.8,93.45,81.45,20,90,14.74,overcast clouds
247,San Patricio,US,2021-06-06 06:23:47,28.017,-97.5169,80.49,89,0,7.92,clear sky
248,Bom Jesus,BR,2021-06-06 06:23:48,-9.0744,-44.3586,66.43,67,28,1.99,scattered clouds
249,Enderby,GB,2021-06-06 06:23:48,52.5878,-1.2062,60.66,95,100,3.33,overcast clouds
250,Saint-Pierre,RE,2021-06-06 06:21:11,-21.3393,55.4781,79.29,77,0,6.91,light rain
251,Taoudenni,ML,2021-06-06 06:23:49,22.6783,-3.9836,94.01,19,89,18.95,overcast clouds
252,Itarema,BR,2021-06-06 06:23:49,-2.9248,-39.9167,75.49,90,0,10.16,clear sky
253,Montrose,US,2021-06-06 06:23:50,38.4166,-108.2673,71.6,37,1,10.36,clear sky
254,Ilulissat,GL,2021-06-06 06:23:50,69.2167,-51.1,39.22,81,75,9.22,broken clouds
255,Chokurdakh,RU,2021-06-06 06:23:51,70.6333,147.9167,38.39,70,100,16.08,overcast clouds
256,Sisimiut,GL,2021-06-06 06:23:52,66.9395,-53.6735,40.46,94,100,5.53,light rain
257,Morehead,US,2021-06-06 06:23:52,37.2711,-87.1764,73.11,94,40,0.0,light intensity drizzle
258,Koumac,NC,2021-06-06 06:23:53,-20.5667,164.2833,72.79,64,100,15.97,overcast clouds
259,El Ejido,ES,2021-06-06 06:23:53,36.7763,-2.8146,66.2,88,0,6.91,clear sky
260,Hella,NO,2021-06-06 06:23:54,67.2,14.4333,61.88,56,0,12.66,clear sky
261,Tautira,PF,2021-06-06 06:23:54,-17.7333,-149.15,78.8,83,40,4.61,light rain
262,Mashhad,IR,2021-06-06 06:23:55,36.297,59.6062,87.94,42,0,11.5,clear sky
263,Brigantine,US,2021-06-06 06:22:39,39.4101,-74.3646,75.4,78,1,9.86,clear sky
264,General Roca,AR,2021-06-06 06:23:55,-39.0333,-67.5833,46.4,47,62,7.18,light rain
265,Abu Dhabi,AE,2021-06-06 06:21:39,24.4667,54.3667,100.42,37,0,4.27,clear sky
266,Provideniya,RU,2021-06-06 06:23:56,64.3833,-173.3,40.15,67,58,5.79,broken clouds
267,Saint George,US,2021-06-06 06:22:06,37.1041,-113.5841,90.19,15,1,4.61,clear sky
268,Pentecoste,BR,2021-06-06 06:23:58,-3.7928,-39.2703,78.01,80,3,1.01,clear sky
269,Severo-Kurilsk,RU,2021-06-06 06:23:58,50.6789,156.125,47.26,88,69,10.71,broken clouds
270,Dubbo,AU,2021-06-06 06:23:59,-32.25,148.6167,60.8,51,1,8.05,clear sky
271,Rudnichnyy,RU,2021-06-06 06:24:00,59.617,52.4703,72.45,41,11,7.7,few clouds
272,Mantua,IT,2021-06-06 06:24:00,45.1667,10.7833,71.82,78,36,1.01,scattered clouds
273,Trinidad,BO,2021-06-06 06:24:01,-14.8333,-64.9,71.55,67,43,2.91,scattered clouds
274,Deputatskiy,RU,2021-06-06 06:24:02,69.3,139.9,39.29,59,97,7.9,overcast clouds
275,Kulhudhuffushi,MV,2021-06-06 06:24:02,6.6221,73.07,82.81,76,90,14.83,overcast clouds
276,Coos Bay,US,2021-06-06 06:24:03,43.3665,-124.2179,51.8,82,1,3.44,clear sky
277,Aklavik,CA,2021-06-06 06:24:03,68.2191,-135.0107,42.8,65,75,8.05,broken clouds
278,Truro,GB,2021-06-06 06:24:04,50.2653,-5.0544,58.55,100,75,3.94,broken clouds
279,Zyryanka,RU,2021-06-06 06:24:04,65.75,150.85,76.3,27,3,26.37,clear sky
280,Ostrovnoy,RU,2021-06-06 06:24:04,68.0531,39.5131,42.12,67,70,13.35,broken clouds
281,Bukachacha,RU,2021-06-06 06:24:05,52.9833,116.9167,79.83,23,25,9.98,scattered clouds
282,Valcourt,CA,2021-06-06 06:24:06,45.5001,-72.3158,66.49,99,100,7.85,overcast clouds
283,Kassala,SD,2021-06-06 06:24:06,15.451,36.4,91.13,36,42,9.4,scattered clouds
284,Saint-Joseph,RE,2021-06-06 06:24:07,-21.3667,55.6167,78.21,80,49,3.33,light rain
285,Rantauprapat,ID,2021-06-06 06:24:07,2.1,99.8333,92.52,40,78,3.36,broken clouds
286,Katsuura,JP,2021-06-06 06:24:09,35.1333,140.3,73.51,97,100,8.14,overcast clouds
287,Ust-Nera,RU,2021-06-06 06:24:10,64.5667,143.2,79.16,24,89,11.36,overcast clouds
288,Chuy,UY,2021-06-06 06:24:10,-33.6971,-53.4616,50.14,88,93,7.96,overcast clouds
289,Rapid Valley,US,2021-06-06 06:24:11,44.0625,-103.1463,87.4,38,1,5.75,clear sky
290,Abu Kamal,SY,2021-06-06 06:24:12,34.4506,40.9171,82.92,23,1,15.14,clear sky
291,Lavrentiya,RU,2021-06-06 06:24:12,65.5833,-171.0,35.31,85,81,12.59,light rain
292,Yuncheng,CN,2021-06-06 06:24:13,35.0231,110.9928,101.7,9,58,6.26,broken clouds
293,Calama,CL,2021-06-06 06:21:15,-22.4667,-68.9333,37.89,30,0,20.71,clear sky
294,Vagay,RU,2021-06-06 06:24:13,57.9375,69.0217,77.13,30,26,13.38,scattered clouds
295,Vredendal,ZA,2021-06-06 06:24:14,-31.6683,18.5012,59.9,30,5,16.02,clear sky
296,Chicama,PE,2021-06-06 06:24:14,-7.8447,-79.1469,65.05,87,94,4.18,overcast clouds
297,Guerrero Negro,MX,2021-06-06 06:24:15,27.9769,-114.0611,62.62,86,96,10.87,overcast clouds
298,Bat Khela,PK,2021-06-06 06:24:15,34.6167,71.9714,91.89,33,4,6.13,clear sky
299,Davila,PH,2021-06-06 06:24:16,18.4726,120.5763,85.98,71,100,15.39,overcast clouds
300,Barreirinhas,BR,2021-06-06 06:24:16,-2.7469,-42.8264,75.38,90,3,3.58,clear sky
301,Charlestown,AU,2021-06-06 06:24:17,-32.95,151.6667,62.69,60,0,1.01,clear sky
302,Sur,OM,2021-06-06 06:24:18,22.5667,59.5289,91.62,59,19,8.01,few clouds
303,Ayagoz,KZ,2021-06-06 06:24:18,47.9714,80.4392,64.35,26,0,18.25,clear sky
304,Ambon,ID,2021-06-06 06:24:19,-3.6954,128.1814,84.34,74,40,15.84,scattered clouds
305,Araxa,BR,2021-06-06 06:20:06,-19.5933,-46.9406,62.56,77,0,8.05,clear sky
306,Prado,BR,2021-06-06 06:24:19,-17.3411,-39.2208,71.91,90,37,6.17,scattered clouds
307,Yulara,AU,2021-06-06 06:24:20,-25.2406,130.9889,71.6,23,0,8.05,clear sky
308,Padang,ID,2021-06-06 06:24:20,-0.9492,100.3543,87.85,63,82,4.97,broken clouds
309,Chumikan,RU,2021-06-06 06:24:21,54.7183,135.315,42.08,82,88,7.94,overcast clouds
310,Anadyr,RU,2021-06-06 06:24:21,64.75,177.4833,48.7,71,100,17.16,fog
311,Matara,LK,2021-06-06 06:24:22,5.9485,80.5353,86.27,65,85,12.64,overcast clouds
312,Juneau,US,2021-06-06 06:21:54,58.3019,-134.4197,51.22,95,90,1.99,light rain
313,Melita,CA,2021-06-06 06:24:22,49.2681,-100.9967,69.55,65,35,8.12,heavy intensity rain
314,Beyneu,KZ,2021-06-06 06:24:23,45.3167,55.2,70.79,43,100,11.68,overcast clouds
315,Orangeburg,US,2021-06-06 06:24:23,33.4918,-80.8557,73.67,95,20,0.0,few clouds
316,Verkhoyansk,RU,2021-06-06 06:24:23,67.5447,133.385,56.43,32,96,7.63,overcast clouds
317,Coari,BR,2021-06-06 06:24:24,-4.085,-63.1414,73.45,95,94,2.71,overcast clouds
318,Kefamenanu,ID,2021-06-06 06:24:25,-9.4467,124.4781,81.27,61,80,9.48,broken clouds
319,Trairi,BR,2021-06-06 06:24:13,-3.2778,-39.2689,76.35,87,5,8.01,clear sky
320,Harper,LR,2021-06-06 06:24:25,4.375,-7.7169,76.33,89,91,2.62,moderate rain
321,Saint-Paul,RE,2021-06-06 06:24:26,-21.0096,55.2707,79.74,92,65,1.39,light rain
322,Bundaberg,AU,2021-06-06 06:21:04,-24.85,152.35,72.21,52,90,3.0,overcast clouds
323,Terre Haute,US,2021-06-06 06:24:27,39.4667,-87.4139,69.01,82,1,3.44,clear sky
324,Wanning,CN,2021-06-06 06:24:27,18.8003,110.3967,85.03,76,74,5.73,broken clouds
325,Carlagan,PH,2021-06-06 06:24:28,14.975,122.0456,88.7,62,100,7.05,overcast clouds
326,Nome,US,2021-06-06 06:24:28,64.5011,-165.4064,35.67,93,90,11.5,moderate rain
327,Ouro Preto Do Oeste,BR,2021-06-06 06:24:29,-10.7481,-62.2158,73.62,78,100,4.16,overcast clouds
328,Sobolevo,RU,2021-06-06 06:24:29,54.4299,31.8996,60.76,73,69,7.23,broken clouds
329,Jieshi,CN,2021-06-06 06:24:29,22.8134,115.8257,82.2,76,59,8.21,broken clouds
330,Saint-Leu,RE,2021-06-06 06:24:30,-21.15,55.2833,79.0,78,0,6.91,light rain
331,Japura,ID,2021-06-06 06:24:30,-0.3167,102.35,95.09,41,96,3.29,overcast clouds
332,Klaksvik,FO,2021-06-06 06:24:31,62.2266,-6.589,49.12,91,64,12.44,broken clouds
333,Manoel Urbano,BR,2021-06-06 06:24:31,-8.8389,-69.2597,71.92,85,100,0.36,overcast clouds
334,Benghazi,LY,2021-06-06 06:24:32,32.1167,20.0667,71.67,57,1,6.76,clear sky
335,Acarau,BR,2021-06-06 06:24:32,-2.8856,-40.12,75.34,89,0,10.22,clear sky
336,Grindavik,IS,2021-06-06 06:24:33,63.8424,-22.4338,48.15,87,75,18.21,broken clouds
337,Holbeach,GB,2021-06-06 06:24:33,52.804,0.0144,57.99,87,98,1.99,overcast clouds
338,Carutapera,BR,2021-06-06 06:24:34,-1.195,-46.02,74.21,93,84,2.77,broken clouds
339,Batagay-Alyta,RU,2021-06-06 06:24:35,67.8006,130.4114,49.66,51,85,8.5,light rain
340,Huancabamba,PE,2021-06-06 06:24:35,-5.2386,-79.4506,56.71,91,99,4.92,overcast clouds
341,Okato,NZ,2021-06-06 06:24:36,-39.2,173.8833,55.42,88,100,11.56,light rain
342,Okhotsk,RU,2021-06-06 06:24:36,59.3833,143.3,45.63,78,99,6.46,overcast clouds
343,Rognan,NO,2021-06-06 06:24:37,67.0953,15.3878,61.0,57,2,2.19,clear sky
344,Ust-Kuyga,RU,2021-06-06 06:24:38,70.0167,135.6,47.34,56,91,2.44,overcast clouds
345,Turukhansk,RU,2021-06-06 06:21:15,65.8167,87.9833,36.97,75,100,14.72,overcast clouds
346,Chapais,CA,2021-06-06 06:24:38,49.7834,-74.8492,44.6,93,1,3.15,clear sky
347,Jalu,LY,2021-06-06 06:24:39,29.0331,21.5482,73.36,38,0,10.36,clear sky
348,Saint-Francois,FR,2021-06-06 06:24:39,46.4154,3.9054,60.19,96,90,4.61,mist
349,Honiara,SB,2021-06-06 06:24:40,-9.4333,159.95,81.77,82,94,1.88,overcast clouds
350,Northam,GB,2021-06-06 06:24:41,51.0333,-4.2167,55.0,97,100,1.99,overcast clouds
351,Nioro,GM,2021-06-06 06:24:41,13.35,-15.75,76.59,79,10,7.61,clear sky
352,Soe,ID,2021-06-06 06:24:42,-9.8607,124.284,76.71,62,74,8.05,broken clouds
353,Hare Bay,CA,2021-06-06 06:24:42,48.8499,-54.0148,55.4,100,95,9.22,overcast clouds
354,Arawa,PG,2021-06-06 06:24:43,-6.2132,155.5367,82.42,86,22,4.59,light rain
355,Airai,TL,2021-06-06 06:24:43,-8.9266,125.4092,68.29,68,71,3.65,broken clouds
356,Longyearbyen,SJ,2021-06-06 06:24:44,78.2186,15.6401,35.6,69,20,9.22,few clouds
357,Belmonte,BR,2021-06-06 06:24:45,-15.8631,-38.8828,73.9,89,51,8.05,broken clouds
358,Mount Gambier,AU,2021-06-06 06:24:45,-37.8333,140.7667,60.71,82,75,16.11,broken clouds
359,Anzoategui,CO,2021-06-06 06:24:45,4.63,-75.0954,58.17,87,99,3.85,overcast clouds
360,Floro,NO,2021-06-06 06:24:46,61.5996,5.0328,59.23,94,75,6.91,broken clouds
361,Conceicao Do Araguaia,BR,2021-06-06 06:24:46,-8.2578,-49.2647,78.93,78,0,0.94,clear sky
362,Ladario,BR,2021-06-06 06:24:47,-19.0047,-57.6017,77.31,38,100,1.36,overcast clouds
363,Hobyo,SO,2021-06-06 06:24:48,5.3505,48.5268,83.01,68,32,20.49,scattered clouds
364,Dingtao,CN,2021-06-06 06:24:48,35.0683,115.5625,101.21,17,2,11.65,clear sky
365,Svetlogorsk,BY,2021-06-06 06:24:48,52.6333,29.7333,62.67,68,98,6.11,overcast clouds
366,Dabwali,IN,2021-06-06 06:24:49,29.95,74.7333,101.75,22,0,7.78,clear sky
367,Sitka,US,2021-06-06 06:24:49,57.0531,-135.33,51.69,76,75,13.8,light rain
368,Mahanoro,MG,2021-06-06 06:24:50,-19.9,48.8,70.74,82,37,13.02,scattered clouds
369,Komsomolskiy,UZ,2021-06-06 06:24:50,40.4272,71.7189,94.42,24,0,9.22,clear sky
370,Oranjemund,NA,2021-06-06 06:24:51,-28.55,16.4333,63.68,36,0,22.44,clear sky
371,Marsa Matruh,EG,2021-06-06 06:24:51,31.3525,27.2453,69.8,68,0,6.91,clear sky
372,Talcahuano,CL,2021-06-06 06:24:52,-36.7167,-73.1167,44.28,100,100,0.0,mist
373,Aksu,CN,2021-06-06 06:24:52,41.1231,80.2644,91.13,11,57,4.94,broken clouds
374,Kruisfontein,ZA,2021-06-06 06:24:53,-34.0033,24.7314,52.72,25,0,10.27,clear sky
375,Margate,GB,2021-06-06 06:24:53,51.3813,1.3862,61.0,82,14,1.01,few clouds
376,Zhuanghe,CN,2021-06-06 06:24:54,39.7008,122.9911,71.29,63,60,13.02,broken clouds
377,Vegachi,CO,2021-06-06 06:24:55,6.7614,-74.7947,64.83,99,97,3.11,overcast clouds
378,Zhigansk,RU,2021-06-06 06:24:55,66.7697,123.3711,57.09,29,68,10.38,broken clouds
379,Muroto,JP,2021-06-06 06:24:56,33.2833,134.15,71.6,78,75,4.61,broken clouds
380,Emerald,AU,2021-06-06 06:24:56,-23.5333,148.1667,69.8,26,0,5.75,clear sky
381,Sinnamary,GF,2021-06-06 06:24:57,5.3833,-52.95,77.04,88,95,7.25,overcast clouds
382,Half Moon Bay,US,2021-06-06 06:24:57,37.4636,-122.4286,59.0,87,75,5.01,mist
383,Dmitriyevskaya,RU,2021-06-06 06:24:58,45.6564,40.7653,65.68,75,16,11.01,few clouds
384,Anshun,CN,2021-06-06 06:24:58,26.25,105.9333,81.05,34,10,8.79,clear sky
385,Maragogi,BR,2021-06-06 06:24:59,-9.0122,-35.2225,74.79,85,6,9.1,clear sky
386,Sao Filipe,CV,2021-06-06 06:24:59,14.8961,-24.4956,74.93,73,86,13.33,overcast clouds
387,Yashkul,RU,2021-06-06 06:24:59,46.1711,45.3435,69.22,53,7,5.32,clear sky
388,Lovington,US,2021-06-06 06:25:00,32.944,-103.3485,78.42,52,90,1.01,overcast clouds
389,Gadung,PH,2021-06-06 06:25:01,6.8025,124.02,80.83,77,66,7.18,moderate rain
390,Vallenar,CL,2021-06-06 06:25:02,-28.5708,-70.7581,55.51,84,2,0.76,clear sky
391,Port Moresby,PG,2021-06-06 06:21:15,-9.4431,147.1797,80.02,83,40,23.02,scattered clouds
392,Pitimbu,BR,2021-06-06 06:25:04,-7.4706,-34.8086,73.4,100,75,4.61,broken clouds
393,Warrensburg,US,2021-06-06 06:20:57,38.7628,-93.7361,71.42,85,1,4.61,clear sky
394,Port Hedland,AU,2021-06-06 06:25:04,-20.3167,118.5667,80.65,44,80,14.97,broken clouds
395,Thanh Hoa,VN,2021-06-06 06:23:53,19.8,105.7667,88.79,66,90,8.79,overcast clouds
396,Bonthe,SL,2021-06-06 06:25:05,7.5264,-12.505,79.02,84,84,2.19,broken clouds
397,Mayo,US,2021-06-06 06:25:05,38.8876,-76.5119,76.95,83,1,8.25,clear sky
398,Slave Lake,CA,2021-06-06 06:25:06,55.2834,-114.769,57.18,47,90,13.8,overcast clouds
399,Amarante Do Maranhao,BR,2021-06-06 06:25:07,-5.5667,-46.7422,70.68,80,35,2.57,scattered clouds
400,Kippen,GB,2021-06-06 06:25:07,56.1268,-4.1709,53.6,80,27,4.54,scattered clouds
401,Povoa De Santa Iria,PT,2021-06-06 06:25:08,38.861,-9.0645,62.26,86,20,3.0,few clouds
402,Muncar,ID,2021-06-06 06:25:09,-8.4333,114.3333,85.73,67,35,9.15,scattered clouds
403,Riyadh,SA,2021-06-06 06:24:18,24.6877,46.7219,104.14,6,0,9.22,clear sky
404,Castanos,MX,2021-06-06 06:25:09,26.7833,-101.4167,79.34,53,1,4.94,clear sky
405,Mananjary,MG,2021-06-06 06:25:11,-21.2167,48.3333,68.63,86,75,12.01,light rain
406,Wau,SS,2021-06-06 06:25:11,7.7029,27.9953,76.53,77,99,6.46,overcast clouds
407,Rio Cuarto,AR,2021-06-06 06:20:17,-33.1307,-64.3499,43.83,62,100,8.28,overcast clouds
408,Birjand,IR,2021-06-06 06:25:13,32.8663,59.2211,99.07,5,0,0.0,clear sky
409,Namibe,AO,2021-06-06 06:25:14,-15.1961,12.1522,71.87,53,34,0.43,scattered clouds
410,Praia,CV,2021-06-06 06:25:14,14.9215,-23.5087,73.94,60,0,24.16,clear sky
411,Inhambane,MZ,2021-06-06 06:25:15,-23.865,35.3833,66.18,88,40,4.61,light rain
412,Akureyri,IS,2021-06-06 06:25:15,65.6835,-18.0878,44.53,87,20,4.61,few clouds
413,Broken Hill,AU,2021-06-06 06:21:06,-31.95,141.4333,64.11,45,28,6.91,scattered clouds
414,Caldwell,US,2021-06-06 06:22:44,43.6629,-116.6874,63.84,40,1,19.57,clear sky
415,Ormara,PK,2021-06-06 06:25:16,25.2088,64.6357,84.6,73,98,9.35,overcast clouds
416,Pine Bluff,US,2021-06-06 06:25:17,34.2284,-92.0032,71.58,97,100,6.69,overcast clouds
417,Lakes Entrance,AU,2021-06-06 06:25:17,-37.8811,147.981,64.18,59,87,5.53,overcast clouds
418,Itamaraca,BR,2021-06-06 06:25:18,-7.7478,-34.8256,73.4,78,75,13.8,broken clouds
419,Cabedelo,BR,2021-06-06 06:25:18,-6.9811,-34.8339,74.07,86,77,10.04,broken clouds
420,Comodoro Rivadavia,AR,2021-06-06 06:25:20,-45.8667,-67.5,42.66,65,0,11.5,clear sky
421,Rafaela,AR,2021-06-06 06:25:20,-31.2503,-61.4867,49.05,66,2,4.0,light rain
422,Celestun,MX,2021-06-06 06:25:21,20.8667,-90.4,83.34,66,94,14.45,overcast clouds
423,Santa Isabel Do Rio Negro,BR,2021-06-06 06:25:21,-0.4139,-65.0192,72.28,98,86,2.33,overcast clouds
424,Axim,GH,2021-06-06 06:25:22,4.8699,-2.2405,78.3,82,75,4.16,broken clouds
425,Vanimo,PG,2021-06-06 06:25:22,-2.6741,141.3028,83.08,77,76,5.1,broken clouds
426,Drimmelen,NL,2021-06-06 06:25:23,51.7067,4.8042,60.96,82,13,4.0,few clouds
427,Segezha,RU,2021-06-06 06:25:23,63.7415,34.3222,60.06,59,100,7.74,overcast clouds
428,Shingu,JP,2021-06-06 06:25:24,33.7333,135.9833,71.6,78,75,3.44,broken clouds
429,Mae Sai,TH,2021-06-06 06:25:24,20.4335,99.8762,91.44,59,100,3.71,overcast clouds
430,Skjervoy,NO,2021-06-06 06:25:25,70.0311,20.9714,42.91,77,7,2.21,clear sky
431,Kamenka,RU,2021-06-06 06:25:26,51.3223,42.7678,57.97,90,100,9.42,overcast clouds
432,Alofi,NU,2021-06-06 06:25:27,-19.0595,-169.9187,68.0,88,24,3.44,few clouds
433,Pahrump,US,2021-06-06 06:24:06,36.2083,-115.9839,92.84,12,0,1.01,clear sky
434,Virginia Beach,US,2021-06-06 06:25:27,36.8529,-75.978,76.01,89,1,5.75,clear sky
435,Bumba,CD,2021-06-06 06:25:28,2.1833,22.4667,71.01,97,100,1.83,light rain
436,Tabou,CI,2021-06-06 06:25:28,4.423,-7.3528,75.85,91,82,3.29,moderate rain
437,Buchanan,LR,2021-06-06 06:25:29,5.8808,-10.0467,77.0,94,20,2.57,few clouds
438,Puerto Ayacucho,VE,2021-06-06 06:25:29,5.6639,-67.6236,74.01,91,45,3.65,scattered clouds
439,Luba,GQ,2021-06-06 06:25:30,3.4568,8.5547,76.89,96,100,6.11,heavy intensity rain
440,Espanola,US,2021-06-06 06:25:30,35.9911,-106.0806,71.58,56,100,6.13,overcast clouds
441,Omboue,GA,2021-06-06 06:25:31,-1.5746,9.2618,76.64,91,100,3.24,overcast clouds
442,Ekhabi,RU,2021-06-06 06:25:31,53.5102,142.9671,34.99,96,100,19.3,light rain
443,Hokitika,NZ,2021-06-06 06:25:32,-42.7167,170.9667,55.27,90,100,6.44,light rain
444,Srednekolymsk,RU,2021-06-06 06:25:32,67.45,153.6833,72.45,26,10,18.48,clear sky
445,Suhut,TR,2021-06-06 06:25:33,38.5311,30.5458,54.66,54,0,3.62,clear sky
446,Puerto Asis,CO,2021-06-06 06:25:33,0.5133,-76.5007,71.64,96,83,1.5,broken clouds
447,Malaya Serdoba,RU,2021-06-06 06:25:34,52.4661,44.9512,56.79,95,98,9.37,overcast clouds
448,Sungaipenuh,ID,2021-06-06 06:25:35,-2.0833,101.3833,75.54,73,45,4.16,scattered clouds
449,Algiers,DZ,2021-06-06 06:21:22,36.7525,3.042,66.02,94,75,8.7,broken clouds
450,Rudnogorsk,RU,2021-06-06 06:25:36,57.2639,103.7519,61.95,26,94,12.01,overcast clouds
451,Sibenik,HR,2021-06-06 06:25:37,43.7272,15.9058,69.8,68,0,3.44,clear sky
452,Bathsheba,BB,2021-06-06 06:25:37,13.2167,-59.5167,81.21,65,40,16.46,scattered clouds
453,Kinablangan,PH,2021-06-06 06:25:38,7.6947,126.5503,83.52,79,100,1.61,overcast clouds
454,Nemuro,JP,2021-06-06 06:25:39,43.3236,145.575,77.0,36,75,16.11,broken clouds
455,Poum,NC,2021-06-06 06:25:40,-20.2333,164.0167,73.9,64,100,21.25,overcast clouds
456,Bambanglipuro,ID,2021-06-06 06:25:40,-7.95,110.2833,69.6,71,33,9.33,scattered clouds
457,Lixourion,GR,2021-06-06 06:25:41,38.2019,20.4314,71.6,88,0,2.13,clear sky
458,Mount Isa,AU,2021-06-06 06:25:41,-20.7333,139.5,76.77,19,0,8.05,clear sky
459,Birao,CF,2021-06-06 06:25:41,10.2849,22.7882,77.72,68,96,3.89,overcast clouds
460,Iralaya,HN,2021-06-06 06:25:42,15.0,-83.2333,80.19,83,10,10.33,clear sky
461,Mikhaylovskoye,RU,2021-06-06 06:25:42,51.8239,79.7172,70.12,30,28,3.44,scattered clouds
462,Danville,US,2021-06-06 06:25:43,36.586,-79.395,75.2,86,1,3.44,clear sky
463,Zhezkazgan,KZ,2021-06-06 06:25:43,47.8043,67.7144,74.43,22,15,19.01,few clouds
464,Xining,CN,2021-06-06 06:25:44,36.6167,101.7667,63.16,48,100,7.27,overcast clouds
465,Lompoc,US,2021-06-06 06:25:44,34.6391,-120.4579,56.88,81,90,3.44,overcast clouds
466,Raudeberg,NO,2021-06-06 06:25:45,61.9875,5.1352,59.2,96,99,7.52,overcast clouds
467,Clarence Town,AU,2021-06-06 06:25:45,-32.5833,151.7833,62.82,63,0,1.1,clear sky
468,Kushmurun,KZ,2021-06-06 06:25:45,52.4503,64.6311,70.66,26,55,3.8,broken clouds
469,Grand Baie,MU,2021-06-06 06:25:46,-20.0182,57.5802,79.45,73,53,1.01,broken clouds
470,Yenagoa,NG,2021-06-06 06:25:46,4.9247,6.2642,74.95,95,89,0.13,overcast clouds
471,Emba,KZ,2021-06-06 06:25:47,48.8264,58.1442,70.5,30,90,15.77,overcast clouds
472,Yaan,NG,2021-06-06 06:25:47,7.3833,8.5667,73.62,93,99,4.79,overcast clouds
473,Lasa,IT,2021-06-06 06:25:47,46.6166,10.7002,58.08,90,100,4.76,overcast clouds
474,Ornskoldsvik,SE,2021-06-06 06:25:48,63.2909,18.7153,70.75,43,15,4.43,few clouds
475,Yorosso,ML,2021-06-06 06:25:48,12.3536,-4.7761,78.94,69,53,10.67,broken clouds
476,Vila Franca Do Campo,PT,2021-06-06 06:25:49,37.7167,-25.4333,59.41,88,56,2.04,broken clouds
477,Ilo,PE,2021-06-06 06:25:49,-17.6394,-71.3375,62.24,86,90,5.3,overcast clouds
478,Puerto Penasco,MX,2021-06-06 06:25:50,31.3167,-113.5333,80.01,66,42,13.0,scattered clouds
479,Fairbanks,US,2021-06-06 06:25:45,64.8378,-147.7164,64.4,53,75,5.75,broken clouds
480,Henties Bay,NA,2021-06-06 06:25:50,-22.116,14.2845,71.62,30,1,28.54,clear sky
481,Holme,DK,2021-06-06 06:25:51,56.1138,10.1725,67.57,65,53,0.92,broken clouds
482,Santarem,BR,2021-06-06 06:25:51,-2.4431,-54.7083,73.4,100,0,3.29,clear sky
483,Izumo,JP,2021-06-06 06:25:52,35.3667,132.7667,77.0,65,75,14.97,broken clouds
484,Kilindoni,TZ,2021-06-06 06:25:52,-7.9139,39.6668,77.63,67,81,23.6,broken clouds
485,Contamana,PE,2021-06-06 06:25:53,-7.3333,-75.0167,71.91,99,79,2.01,broken clouds
486,Avera,US,2021-06-06 06:25:53,33.194,-82.5271,73.27,96,100,5.35,overcast clouds
487,Moscow,RU,2021-06-06 06:24:45,55.7522,37.6156,68.43,63,10,9.15,clear sky
488,Kasongo-Lunda,CD,2021-06-06 06:25:54,-6.4667,16.8167,67.37,56,17,1.63,few clouds
489,Tilichiki,RU,2021-06-06 06:25:54,60.4667,166.1,41.83,82,100,11.25,overcast clouds
490,Cape Canaveral,US,2021-06-06 06:25:55,28.4058,-80.6048,80.08,86,1,8.05,clear sky
491,Bentiu,SS,2021-06-06 06:25:55,9.2333,29.8333,84.43,55,82,9.4,broken clouds
492,Olafsvik,IS,2021-06-06 06:25:56,64.8945,-23.7142,46.74,90,96,7.49,heavy intensity rain
493,Acapulco,MX,2021-06-06 06:21:50,16.8634,-99.8901,81.91,77,80,3.8,broken clouds
494,Rio Claro,BR,2021-06-06 06:25:57,-22.4114,-47.5614,60.01,75,36,3.15,scattered clouds
495,Moose Factory,CA,2021-06-06 06:25:58,51.2585,-80.6094,32.0,100,1,2.3,clear sky
496,Manokwari,ID,2021-06-06 06:25:59,-0.8667,134.0833,81.79,75,93,3.38,overcast clouds
497,Chara,RU,2021-06-06 06:25:59,56.9064,118.2631,83.98,20,41,16.62,scattered clouds
498,Wonthaggi,AU,2021-06-06 06:26:00,-38.6044,145.5913,58.93,76,100,18.23,overcast clouds
499,Athabasca,CA,2021-06-06 06:26:00,54.7169,-113.2854,51.49,76,96,8.01,overcast clouds
500,Pevek,RU,2021-06-06 06:26:01,69.7008,170.3133,49.95,57,89,9.15,overcast clouds
501,Erdenet,MN,2021-06-06 06:26:02,49.0333,104.0833,65.75,59,79,16.91,broken clouds
502,Nikolayevka,RU,2021-06-06 06:26:02,53.1257,47.2041,58.42,92,100,2.01,light rain
503,Vestmanna,FO,2021-06-06 06:26:03,62.1564,-7.1664,47.32,100,75,9.53,broken clouds
504,Flinders,AU,2021-06-06 06:26:04,-34.5833,150.8552,64.26,56,7,4.21,clear sky
505,Macau,MO,2021-06-06 06:26:04,22.2006,113.5461,91.8,70,40,5.75,scattered clouds
506,Iquique,CL,2021-06-06 06:26:05,-20.2208,-70.1431,57.24,75,29,4.61,scattered clouds
507,Ozinki,RU,2021-06-06 06:26:05,51.1786,49.6769,64.74,76,100,6.73,light rain
508,Amelia,IT,2021-06-06 06:26:06,42.5523,12.4182,69.69,75,87,1.63,overcast clouds
509,Roald,NO,2021-06-06 06:26:06,62.5833,6.1333,63.16,94,75,2.3,broken clouds
510,Atasu,KZ,2021-06-06 06:26:06,48.6814,71.6433,67.55,24,99,13.18,overcast clouds
511,Sayyan,YE,2021-06-06 06:26:07,15.1718,44.3244,72.14,13,1,4.45,clear sky
512,Halifax,CA,2021-06-06 06:26:03,44.6453,-63.5724,58.89,87,100,4.61,overcast clouds
513,Kudahuvadhoo,MV,2021-06-06 06:26:07,2.6708,72.8944,83.43,74,45,14.03,scattered clouds
514,Wewak,PG,2021-06-06 06:26:08,-3.5534,143.6268,83.07,80,33,7.02,scattered clouds
515,Hudson Bay,CA,2021-06-06 06:26:08,52.85,-102.3842,58.46,92,20,4.12,few clouds
516,Saint Charles,US,2021-06-06 06:26:09,38.7667,-90.7335,75.42,75,75,1.99,broken clouds
517,Mardin,TR,2021-06-06 06:26:09,37.3131,40.7436,73.51,25,0,9.66,clear sky
518,Villamontes,BO,2021-06-06 06:26:10,-21.25,-63.5,69.06,72,100,6.22,overcast clouds
519,Thio,NC,2021-06-06 06:26:10,-21.6167,166.2167,69.76,68,100,7.43,overcast clouds
520,Ippy,CF,2021-06-06 06:26:10,6.2679,21.2247,68.77,97,100,5.17,overcast clouds
521,Skowhegan,US,2021-06-06 06:26:11,44.7651,-69.7192,70.68,87,97,4.61,overcast clouds
522,Haines Junction,CA,2021-06-06 06:26:11,60.7522,-137.5108,49.95,71,98,1.14,light rain
523,Cascais,PT,2021-06-06 06:26:12,38.6979,-9.4215,62.26,73,20,1.01,few clouds
524,Madimba,TZ,2021-06-06 06:26:12,-10.4,40.3333,72.73,68,86,16.15,overcast clouds
525,Antofagasta,CL,2021-06-06 06:25:05,-23.65,-70.4,56.48,81,35,4.03,scattered clouds
526,Temuco,CL,2021-06-06 06:26:13,-38.7333,-72.6,38.97,96,100,1.83,overcast clouds
527,George,ZA,2021-06-06 06:26:13,-33.963,22.4617,62.15,23,0,12.66,clear sky
528,Kavaratti,IN,2021-06-06 06:26:14,10.5669,72.642,83.34,74,86,13.65,overcast clouds
529,Astorga,BR,2021-06-06 06:26:14,-23.2325,-51.6656,63.0,63,89,7.72,overcast clouds
530,Serafimovich,RU,2021-06-06 06:26:14,49.5786,42.736,63.07,76,99,7.96,overcast clouds
531,Ola,RU,2021-06-06 06:21:15,59.5833,151.2833,45.39,82,100,13.91,overcast clouds
532,High Level,CA,2021-06-06 06:26:15,58.5169,-117.136,57.31,62,75,3.33,broken clouds
533,Chopovychi,UA,2021-06-06 06:26:15,50.8332,28.9533,60.82,78,95,6.87,overcast clouds
534,Makat,KZ,2021-06-06 06:26:16,47.6469,53.3463,76.23,28,95,6.85,overcast clouds
535,Tankara,IN,2021-06-06 06:26:16,22.6667,70.7333,97.9,39,0,8.99,clear sky
536,Igarka,RU,2021-06-06 06:26:17,67.4667,86.5833,35.1,81,100,13.51,light snow
537,Kuopio,FI,2021-06-06 06:26:17,62.8924,27.677,67.95,28,0,7.99,clear sky
538,Montelibano,CO,2021-06-06 06:26:18,7.9829,-75.4229,75.38,93,84,3.33,broken clouds
539,Charyshskoye,RU,2021-06-06 06:26:18,51.3978,83.5598,60.67,54,11,6.33,few clouds
540,Nieuw Amsterdam,SR,2021-06-06 06:26:19,5.8833,-55.0833,75.36,92,75,6.51,broken clouds
541,Kaka,TM,2021-06-06 06:26:19,37.3482,59.6143,90.66,29,0,15.46,clear sky
542,Tieli,CN,2021-06-06 06:26:19,46.95,128.05,65.16,67,71,2.95,broken clouds
543,Porto Walter,BR,2021-06-06 06:26:20,-8.2686,-72.7439,70.77,97,74,1.19,broken clouds
544,Maniitsoq,GL,2021-06-06 06:26:20,65.4167,-52.9,38.88,95,100,5.91,light rain
545,Mezen,RU,2021-06-06 06:26:21,65.8522,44.24,48.88,45,29,10.16,scattered clouds
546,Samfya,ZM,2021-06-06 06:26:21,-11.3649,29.5565,60.69,63,99,11.07,overcast clouds
547,Mbamba,NG,2021-06-06 06:26:22,9.9833,13.1,77.92,68,94,4.29,overcast clouds
548,Taltal,CL,2021-06-06 06:26:22,-25.4,-70.4833,59.25,86,38,2.73,scattered clouds
549,Notse,TG,2021-06-06 06:26:23,6.95,1.1667,73.15,95,95,2.51,overcast clouds
550,Chaman,PK,2021-06-06 06:26:23,30.9236,66.4512,93.36,19,0,5.32,clear sky
551,Tromso,NO,2021-06-06 06:23:17,69.6496,18.957,52.45,76,0,8.05,clear sky
552,Benguela,AO,2021-06-06 06:26:24,-12.5763,13.4055,73.27,72,53,3.69,broken clouds
553,Kargil,IN,2021-06-06 06:26:24,34.5667,76.1,59.47,16,0,2.3,clear sky
554,Nuuk,GL,2021-06-06 06:26:25,64.1835,-51.7216,39.81,93,90,2.3,light rain
555,La Macarena,CO,2021-06-06 06:26:25,2.1837,-73.7849,70.63,99,69,1.57,broken clouds
556,Los Llanos De Aridane,ES,2021-06-06 06:26:26,28.6585,-17.9182,62.35,63,75,13.22,broken clouds
557,Nizhneangarsk,RU,2021-06-06 06:26:26,55.7833,109.55,49.82,68,97,1.77,overcast clouds
558,Babu,CN,2021-06-06 06:26:27,24.4167,111.5167,88.16,45,1,2.62,clear sky
559,Cap Malheureux,MU,2021-06-06 06:26:28,-19.9842,57.6142,79.47,73,64,1.01,broken clouds
560,Basse,DE,2021-06-06 06:26:28,52.5518,9.5069,64.29,90,75,7.81,broken clouds
561,Yumen,CN,2021-06-06 06:26:29,40.2833,97.2,86.31,15,64,28.83,broken clouds
562,Qandala,SO,2021-06-06 06:26:29,11.472,49.8728,94.5,42,15,4.45,few clouds
563,Katobu,ID,2021-06-06 06:26:30,-4.9408,122.5276,87.03,58,40,8.05,scattered clouds
564,Hauterive,FR,2021-06-06 06:26:30,46.0901,3.4459,59.02,97,42,3.15,scattered clouds
565,Suez,EG,2021-06-06 06:26:30,29.9737,32.5263,73.31,54,2,9.98,clear sky
566,Sault Sainte Marie,CA,2021-06-06 06:26:21,46.5168,-84.3333,66.49,81,40,3.44,scattered clouds
567,Kirovskiy,RU,2021-06-06 06:26:31,45.0917,133.5136,63.21,79,95,5.75,overcast clouds
568,Rocha,UY,2021-06-06 06:23:27,-34.4833,-54.3333,46.71,91,44,4.99,scattered clouds
569,Along,IN,2021-06-06 06:26:32,28.1667,94.7667,81.91,69,98,1.5,overcast clouds
570,Suhbaatar,MN,2021-06-06 06:26:32,50.2314,106.2078,57.33,59,92,14.58,moderate rain
571,Goderich,CA,2021-06-06 06:26:32,43.7501,-81.7165,75.2,50,46,14.97,scattered clouds
572,Cananea,MX,2021-06-06 06:26:33,30.95,-110.3,69.12,28,1,4.97,clear sky
573,Kobryn,BY,2021-06-06 06:26:33,52.2138,24.3564,66.2,63,73,6.71,broken clouds
574,Jiaonan,CN,2021-06-06 06:26:34,35.8786,119.9753,91.4,25,0,13.42,clear sky
575,Bacum,MX,2021-06-06 06:26:34,27.55,-110.0833,84.56,31,3,5.7,clear sky
576,Punta Cardon,VE,2021-06-06 06:26:35,11.6581,-70.215,79.3,85,100,25.14,overcast clouds
577,Bristol,US,2021-06-06 06:26:36,41.8334,-71.1662,74.57,84,1,1.01,mist
578,Adrar,MR,2021-06-06 06:26:36,20.5022,-10.0711,84.97,14,44,18.86,scattered clouds
579,Merauke,ID,2021-06-06 06:26:36,-8.4667,140.3333,80.02,84,95,14.99,overcast clouds
580,Kaliganj,BD,2021-06-06 06:26:37,23.4095,89.1402,102.7,33,25,10.69,scattered clouds
581,Ballina,AU,2021-06-06 06:26:37,-28.8667,153.5667,68.18,62,0,9.22,clear sky
582,Orizona,BR,2021-06-06 06:26:37,-17.0314,-48.2958,62.51,76,97,4.0,overcast clouds
583,Volchansk,RU,2021-06-06 06:26:38,59.9378,60.081,76.08,32,11,12.35,few clouds
584,Castelnaudary,FR,2021-06-06 06:26:38,43.3183,1.9545,64.62,86,100,1.01,overcast clouds
585,Ardesen,TR,2021-06-06 06:26:39,41.1911,40.9875,62.56,83,64,4.45,light rain
586,Kirov,RU,2021-06-06 06:26:39,58.5966,49.6601,70.0,46,12,2.62,few clouds
587,Zapolyarnyy,RU,2021-06-06 06:26:40,69.4154,30.8136,46.4,53,20,11.5,few clouds
588,Karachi,PK,2021-06-06 06:26:41,24.9056,67.0822,93.02,46,40,8.05,haze
589,Vestmannaeyjar,IS,2021-06-06 06:26:41,63.4427,-20.2734,46.56,86,95,18.63,overcast clouds
590,Orange Cove,US,2021-06-06 06:26:42,36.6244,-119.3137,81.84,24,61,2.26,broken clouds
591,Barguzin,RU,2021-06-06 06:26:43,53.6167,109.6167,59.5,81,84,10.71,light rain
592,Uvinza,TZ,2021-06-06 06:26:43,-5.1036,30.3911,71.17,63,66,10.51,broken clouds
593,Zhaotong,CN,2021-06-06 06:26:43,27.3167,103.7167,69.13,47,97,4.94,light rain
594,Monster,NL,2021-06-06 06:26:44,52.0258,4.175,60.98,80,0,3.0,clear sky
595,Havoysund,NO,2021-06-06 06:26:44,70.9963,24.6622,45.48,76,6,16.44,clear sky
596,Keetmanshoop,NA,2021-06-06 06:26:45,-26.5833,18.1333,49.6,49,0,13.47,clear sky
597,Shelopugino,RU,2021-06-06 06:26:45,51.6514,117.5599,80.2,24,8,6.69,clear sky
598,San Quintin,MX,2021-06-06 06:26:46,30.4833,-115.95,68.43,86,3,5.08,clear sky
599,Vostok,RU,2021-06-06 06:26:46,46.4856,135.8833,53.29,92,100,5.88,overcast clouds
600,Tucuman,AR,2021-06-06 06:26:47,-26.8241,-65.2226,59.0,67,90,3.58,overcast clouds
601,Sorland,NO,2021-06-06 06:26:47,67.667,12.6934,50.41,82,9,13.04,clear sky
602,Nouadhibou,MR,2021-06-06 06:26:48,20.931,-17.0347,66.18,77,25,20.71,scattered clouds
603,Hualmay,PE,2021-06-06 06:26:48,-11.0964,-77.6139,62.82,84,30,5.59,scattered clouds
604,Raga,SS,2021-06-06 06:26:48,8.4596,25.678,73.87,81,100,8.9,overcast clouds
605,Iglesias,IT,2021-06-06 06:26:49,39.3114,8.535,69.01,83,75,8.05,broken clouds
606,Cortez,US,2021-06-06 06:26:49,37.3489,-108.5859,64.71,43,80,4.54,broken clouds
607,Nizhnevartovsk,RU,2021-06-06 06:26:50,60.9344,76.5531,59.02,58,20,6.71,few clouds
608,Marsh Harbour,BS,2021-06-06 06:26:50,26.5412,-77.0636,78.37,83,47,16.49,scattered clouds
609,Malm,NO,2021-06-06 06:26:51,64.0721,11.2172,57.99,77,0,4.61,clear sky
610,Vila Do Maio,CV,2021-06-06 06:26:52,15.1333,-23.2167,73.4,60,0,24.16,clear sky
611,Staraya Russa,RU,2021-06-06 06:26:52,57.9944,31.3608,67.71,60,0,1.99,clear sky
612,Teya,RU,2021-06-06 06:26:53,60.3778,92.6267,52.0,38,91,11.81,overcast clouds
613,Pitea,SE,2021-06-06 06:26:53,65.3172,21.4794,62.69,67,72,6.73,broken clouds
614,Port Blair,IN,2021-06-06 06:26:54,11.6667,92.75,86.61,69,100,12.53,overcast clouds
615,Treinta Y Tres,UY,2021-06-06 06:26:54,-33.2333,-54.3833,46.15,87,85,4.79,overcast clouds
616,Bacolod,PH,2021-06-06 06:26:55,10.6667,122.95,81.54,82,85,13.53,light rain
617,Kuytun,RU,2021-06-06 06:26:55,54.3419,101.5036,54.48,52,100,15.55,overcast clouds
618,Walvis Bay,NA,2021-06-06 06:26:56,-22.9575,14.5053,74.35,21,0,29.48,clear sky
619,Saint-Georges,GD,2021-06-06 06:26:56,12.0564,-61.7485,80.28,78,40,19.57,scattered clouds
620,Akyab,MM,2021-06-06 06:26:56,20.15,92.9,83.34,76,98,9.24,overcast clouds
621,Hay River,CA,2021-06-06 06:22:00,60.8156,-115.7999,44.56,87,20,4.61,few clouds
622,Bardiyah,LY,2021-06-06 06:26:57,31.7561,25.0865,72.14,61,0,8.79,clear sky
623,Pereira Barreto,BR,2021-06-06 06:26:58,-20.6383,-51.1092,67.87,44,74,6.42,broken clouds
624,Ponta Delgada,PT,2021-06-06 06:26:58,37.7333,-25.6667,59.0,94,20,2.3,few clouds
625,Berdsk,RU,2021-06-06 06:26:59,54.7551,83.0967,72.0,49,0,17.9,clear sky
626,Ulladulla,AU,2021-06-06 06:22:14,-35.35,150.4667,64.09,52,12,6.8,few clouds
627,Praia Da Vitoria,PT,2021-06-06 06:26:59,38.7333,-27.0667,61.75,88,20,4.0,few clouds
628,Kaeo,NZ,2021-06-06 06:27:00,-35.1,173.7833,61.0,95,100,11.99,overcast clouds
629,Bandarbeyla,SO,2021-06-06 06:27:01,9.4942,50.8122,87.87,54,41,23.06,scattered clouds
630,Budogoshch,RU,2021-06-06 06:27:01,59.2816,32.4707,70.2,49,0,1.48,clear sky
631,Skibbereen,IE,2021-06-06 06:27:02,51.55,-9.2667,51.6,88,4,3.15,clear sky
632,Piacabucu,BR,2021-06-06 06:27:02,-10.4056,-36.4344,74.57,84,14,6.26,few clouds
633,Bone,DE,2021-06-06 06:27:03,51.9669,12.1396,66.0,96,100,1.39,overcast clouds
634,Koboko,UG,2021-06-06 06:27:03,3.4136,30.9599,68.04,87,99,8.66,light rain
635,Liku,ID,2021-06-06 06:27:04,-0.7275,119.8922,82.85,86,62,3.8,light rain
636,Bogorodskoye,RU,2021-06-06 06:22:22,56.55,37.8833,65.57,65,1,7.87,clear sky
637,Kahului,US,2021-06-06 06:22:51,20.8947,-156.47,76.84,75,1,19.57,clear sky
638,Suslovo,RU,2021-06-06 06:27:05,56.2167,88.1167,55.09,87,92,14.85,light rain
639,Lagoa,PT,2021-06-06 06:27:05,39.05,-27.9833,62.91,89,99,11.1,overcast clouds
640,Saint Simons,US,2021-06-06 06:27:06,31.1352,-81.3901,78.84,91,20,9.22,few clouds
641,Kibala,TD,2021-06-06 06:27:06,9.1104,18.3463,76.95,83,20,9.22,few clouds
642,Verkhnyaya Toyma,RU,2021-06-06 06:27:07,62.2349,44.9985,76.37,34,56,3.13,broken clouds
643,Aguas De Lindoia,BR,2021-06-06 06:27:07,-22.4764,-46.6328,49.62,63,52,4.59,broken clouds
644,Iaciara,BR,2021-06-06 06:27:08,-14.0958,-46.6317,72.03,60,97,2.66,overcast clouds
645,Ciudad Bolivar,VE,2021-06-06 06:27:08,8.1222,-63.5497,74.75,89,98,14.09,overcast clouds
646,Yatou,CN,2021-06-06 06:27:09,37.15,122.3833,82.33,35,9,15.26,clear sky
647,Marzuq,YE,2021-06-06 06:27:10,14.4,46.4667,87.3,15,6,1.88,clear sky
648,Edd,ER,2021-06-06 06:27:11,13.9297,41.6925,89.4,62,1,2.37,clear sky
649,Ulsteinvik,NO,2021-06-06 06:27:11,62.3432,5.8487,63.16,94,94,4.38,overcast clouds
650,Chandpur,IN,2021-06-06 06:27:12,29.15,78.2667,103.1,21,14,4.03,few clouds
651,Mocuba,MZ,2021-06-06 06:27:12,-16.8392,36.9856,64.15,88,48,7.09,scattered clouds
652,Werda,BW,2021-06-06 06:27:13,-25.2667,23.2833,45.23,58,0,10.27,clear sky
653,Venado Tuerto,AR,2021-06-06 06:27:13,-33.7456,-61.9688,48.88,52,81,6.04,broken clouds
654,Tongchuan,CN,2021-06-06 06:27:14,35.0806,109.0897,95.41,14,73,8.86,light rain
655,Marystown,CA,2021-06-06 06:27:15,47.1666,-55.1483,51.85,100,100,10.63,overcast clouds
656,Barranco,PA,2021-06-06 06:27:15,9.5167,-82.7,75.02,89,52,3.47,broken clouds
657,Elizabeth City,US,2021-06-06 06:23:37,36.2946,-76.2511,71.01,97,0,6.51,clear sky
658,Vuktyl,RU,2021-06-06 06:27:16,63.8567,57.3094,59.67,47,73,12.28,broken clouds
659,San Nicolas,PH,2021-06-06 06:27:17,18.1725,120.5953,86.0,79,75,9.22,broken clouds
660,Laguna,US,2021-06-06 06:27:17,38.421,-121.4238,78.64,47,1,1.99,clear sky
661,Neuquen,AR,2021-06-06 06:22:25,-38.9516,-68.0591,46.96,46,92,9.04,overcast clouds
662,Kungurtug,RU,2021-06-06 06:27:17,50.5994,97.5228,49.14,52,95,8.81,overcast clouds
663,Naze,JP,2021-06-06 06:27:18,28.3667,129.4833,75.2,94,75,14.97,moderate rain
664,Buraydah,SA,2021-06-06 06:27:19,26.326,43.975,99.05,9,1,15.59,clear sky
665,Mahajanga,MG,2021-06-06 06:27:20,-15.7167,46.3167,78.8,61,0,5.75,clear sky
666,Mayumba,GA,2021-06-06 06:27:20,-3.432,10.6554,75.85,92,87,5.73,overcast clouds
667,Khonsa,IN,2021-06-06 06:27:20,27.0167,95.5667,69.62,94,100,1.54,overcast clouds
668,Ayia Galini,GR,2021-06-06 06:27:21,35.1,24.6833,75.99,39,0,2.68,clear sky
669,Lola,GN,2021-06-06 06:27:21,7.8,-8.5333,69.96,99,97,2.55,overcast clouds
670,Straumen,NO,2021-06-06 06:27:22,63.8709,11.2999,61.63,68,80,0.67,broken clouds
671,Antalaha,MG,2021-06-06 06:27:22,-14.9003,50.2788,77.74,73,99,6.26,overcast clouds
672,Ramgarh,IN,2021-06-06 06:27:23,23.6333,85.5167,95.05,31,63,12.73,broken clouds
673,Baykit,RU,2021-06-06 06:24:43,61.67,96.37,45.93,48,94,14.18,overcast clouds
674,Rio Negrinho,BR,2021-06-06 06:27:23,-26.2544,-49.5183,60.71,92,92,3.36,overcast clouds
675,Kuminskiy,RU,2021-06-06 06:27:24,58.6667,66.5667,77.36,33,7,11.79,clear sky
676,Hvolsvollur,IS,2021-06-06 06:27:24,63.7533,-20.2243,45.81,81,99,3.89,light rain
677,Khorramshahr,IR,2021-06-06 06:27:24,30.4397,48.1664,107.56,15,0,11.5,clear sky
678,Lamu,KE,2021-06-06 06:27:25,-2.2717,40.902,78.44,82,51,16.87,light rain
